Method,Uncertainty,Spearman_rho,Spearman_p,Pearson_r,Pearson_p,N
TRUST,u_mean,0.004095985151477646,0.9097714266312737,-0.04268749393778695,0.237363548370991,768
Post-hoc sampling,u_mean,0.004095985151477646,0.9097714266312737,-0.04268749393778695,0.237363548370991,768
